group,family,setting,pred_score
quant_ladder,Qwen3.6,27.0B-IQ2_XXS,0.7164
quant_ladder,Qwen3.6,27.0B-Q2_K_XL,0.7905
quant_ladder,Qwen3.6,27.0B-Q3_K_XL,0.8487
quant_ladder,Qwen3.6,27.0B-Q4_K_XL,0.8938
quant_ladder,Qwen3.5,4.0B-IQ2_XXS,0.5176
quant_ladder,Qwen3.5,4.0B-Q2_K_XL,0.5952
quant_ladder,Qwen3.5,4.0B-Q3_K_XL,0.6647
quant_ladder,Qwen3.5,4.0B-Q4_K_XL,0.7268
quant_ladder,gemma-4,2.0B-IQ2_XXS,0.2322
quant_ladder,gemma-4,2.0B-Q2_K_XL,0.2795
quant_ladder,gemma-4,2.0B-Q3_K_XL,0.327
quant_ladder,gemma-4,2.0B-Q4_K_XL,0.3752
kv_shift,Qwen3.6,q8/q8,0.8487
kv_shift,Qwen3.6,q8/q5_1,0.8246
kv_shift,Qwen3.6,f16/f16,0.9008
kv_shift,Qwen3.5,q8/q8,0.6647
kv_shift,Qwen3.5,q8/q5_1,0.6347
kv_shift,Qwen3.5,f16/f16,0.7374
reasoning,Qwen3.6,off,0.8487
reasoning,Qwen3.6,auto,0.3674
reasoning,Qwen3.5,off,0.6647
reasoning,Qwen3.5,auto,0.2327
size_sweep_Q4,Qwen3.6,2.0B,0.3244
size_sweep_Q4,Qwen3.6,9.0B,0.7213
size_sweep_Q4,Qwen3.6,27.0B,0.8938
size_sweep_Q4,Qwen3.6,35.0B,0.9141
size_sweep_Q4,unseen-family,2B,0.3359
size_sweep_Q4,unseen-family,27B,0.9037
