size_cap,act_cap,quant_cap,cv_rmse,train_rmse
rational,rational,rational,nan,0.18700799991341202
rational,rational,exp,nan,0.18737867834736163
rational,rational,tanh,nan,0.18771945089489062
rational,rational,saturator,nan,0.1951658343928108
rational,exp,rational,nan,0.1860437415760495
rational,exp,exp,nan,0.18638167267708333
rational,exp,tanh,nan,0.19269871317158982
rational,exp,saturator,nan,0.20267056709988326
rational,tanh,rational,nan,0.1859841791584706
rational,tanh,exp,nan,0.18632853063169902
rational,tanh,tanh,nan,0.18666608260067402
rational,tanh,saturator,nan,0.1948134226007782
exp,rational,rational,nan,0.18754926134237637
exp,rational,exp,nan,0.1877690180109429
exp,rational,tanh,nan,0.18798927595606513
exp,rational,saturator,nan,0.20200724571968362
exp,exp,rational,nan,0.19186368195488296
exp,exp,exp,nan,0.20661046956515255
exp,exp,tanh,nan,0.1930566301240614
exp,exp,saturator,nan,0.2018962260574425
exp,tanh,rational,nan,0.1862480868235413
exp,tanh,exp,nan,0.18649606911238292
exp,tanh,tanh,nan,0.18733087970031778
exp,tanh,saturator,nan,0.20221640321205214
tanh,rational,rational,nan,0.18830176649616345
tanh,rational,exp,nan,0.18847143326549237
tanh,rational,tanh,nan,0.1886252368095004
tanh,rational,saturator,nan,0.2653268124659684
tanh,exp,rational,nan,0.19286926027727933
tanh,exp,exp,nan,0.2049351006723723
tanh,exp,tanh,nan,0.18700263493286018
tanh,exp,saturator,nan,0.20453459208947303
tanh,tanh,rational,nan,0.1873200322742419
tanh,tanh,exp,nan,0.18685075170166138
tanh,tanh,tanh,nan,0.18706942095662787
tanh,tanh,saturator,nan,0.20448784838166884
